{
  "train": {
    "baseline_pr_auc": 0.037543,
    "graph_pr_auc": 0.218514,
    "pr_auc_delta": 0.180971,
    "baseline_f1": 0.017936,
    "graph_f1": 0.012519,
    "f1_delta": -0.005417,
    "baseline_recall": 0.86007,
    "graph_recall": 0.996348,
    "recall_delta": 0.136278
  },
  "val": {
    "baseline_pr_auc": 0.037927,
    "graph_pr_auc": 0.254095,
    "pr_auc_delta": 0.216168,
    "baseline_f1": 0.021612,
    "graph_f1": 0.014191,
    "f1_delta": -0.007421,
    "baseline_recall": 0.869328,
    "graph_recall": 0.992346,
    "recall_delta": 0.123018
  },
  "test": {
    "baseline_pr_auc": 0.304311,
    "graph_pr_auc": 0.461665,
    "pr_auc_delta": 0.157354,
    "baseline_f1": 0.034259,
    "graph_f1": 0.02195,
    "f1_delta": -0.012309,
    "baseline_recall": 0.914213,
    "graph_recall": 0.991802,
    "recall_delta": 0.077589
  }
}