{
  "train": {
    "baseline_pr_auc": 0.037543,
    "graph_pr_auc": 0.197502,
    "pr_auc_delta": 0.159959,
    "baseline_f1": 0.017936,
    "graph_f1": 0.013393,
    "f1_delta": -0.004543,
    "baseline_recall": 0.86007,
    "graph_recall": 0.999004,
    "recall_delta": 0.138934
  },
  "val": {
    "baseline_pr_auc": 0.037927,
    "graph_pr_auc": 0.210584,
    "pr_auc_delta": 0.172657,
    "baseline_f1": 0.021612,
    "graph_f1": 0.015199,
    "f1_delta": -0.006413,
    "baseline_recall": 0.869328,
    "graph_recall": 0.97649,
    "recall_delta": 0.107162
  },
  "test": {
    "baseline_pr_auc": 0.304311,
    "graph_pr_auc": 0.347639,
    "pr_auc_delta": 0.043328,
    "baseline_f1": 0.034259,
    "graph_f1": 0.022732,
    "f1_delta": -0.011527,
    "baseline_recall": 0.914213,
    "graph_recall": 0.981642,
    "recall_delta": 0.067429
  }
}