{
  "train": {
    "split": "train",
    "threshold": 0.3,
    "pr_auc": 0.223897,
    "roc_auc": 0.98774,
    "f1_fraud": 0.013976,
    "precision": 0.007037,
    "recall": 0.998909,
    "support_fraud": 21082,
    "support_total": 22328766
  },
  "val": {
    "split": "val",
    "threshold": 0.3,
    "pr_auc": 0.239996,
    "roc_auc": 0.980524,
    "f1_fraud": 0.015548,
    "precision": 0.007836,
    "recall": 0.983233,
    "support_fraud": 5487,
    "support_total": 4784736
  },
  "test": {
    "split": "test",
    "threshold": 0.3,
    "pr_auc": 0.458968,
    "roc_auc": 0.984529,
    "f1_fraud": 0.024123,
    "precision": 0.012211,
    "recall": 0.983951,
    "support_fraud": 8661,
    "support_total": 4784736
  }
}