{
  "train": {
    "split": "train",
    "threshold": 0.3,
    "pr_auc": 0.331408,
    "roc_auc": 0.990685,
    "f1_fraud": 0.015118,
    "precision": 0.007617,
    "recall": 0.999478,
    "support_fraud": 21082,
    "support_total": 22328766
  },
  "val": {
    "split": "val",
    "threshold": 0.3,
    "pr_auc": 0.339142,
    "roc_auc": 0.983772,
    "f1_fraud": 0.016816,
    "precision": 0.008481,
    "recall": 0.980135,
    "support_fraud": 5487,
    "support_total": 4784736
  },
  "test": {
    "split": "test",
    "threshold": 0.3,
    "pr_auc": 0.536272,
    "roc_auc": 0.987233,
    "f1_fraud": 0.026102,
    "precision": 0.013227,
    "recall": 0.982912,
    "support_fraud": 8661,
    "support_total": 4784736
  }
}