{
  "train": {
    "split": "train",
    "threshold": 0.3,
    "pr_auc": 0.323059,
    "roc_auc": 0.990634,
    "f1_fraud": 0.015156,
    "precision": 0.007636,
    "recall": 0.999431,
    "support_fraud": 21082,
    "support_total": 22328766
  },
  "val": {
    "split": "val",
    "threshold": 0.3,
    "pr_auc": 0.351473,
    "roc_auc": 0.984794,
    "f1_fraud": 0.016963,
    "precision": 0.008555,
    "recall": 0.986696,
    "support_fraud": 5487,
    "support_total": 4784736
  },
  "test": {
    "split": "test",
    "threshold": 0.3,
    "pr_auc": 0.554707,
    "roc_auc": 0.988512,
    "f1_fraud": 0.026244,
    "precision": 0.013299,
    "recall": 0.98753,
    "support_fraud": 8661,
    "support_total": 4784736
  }
}