{
  "train": {
    "split": "train",
    "threshold": 0.3,
    "pr_auc": 0.218514,
    "roc_auc": 0.982903,
    "f1_fraud": 0.012519,
    "precision": 0.006299,
    "recall": 0.996348,
    "support_fraud": 21082,
    "support_total": 22328766
  },
  "val": {
    "split": "val",
    "threshold": 0.3,
    "pr_auc": 0.254095,
    "roc_auc": 0.980814,
    "f1_fraud": 0.014191,
    "precision": 0.007147,
    "recall": 0.992346,
    "support_fraud": 5487,
    "support_total": 4784736
  },
  "test": {
    "split": "test",
    "threshold": 0.3,
    "pr_auc": 0.461665,
    "roc_auc": 0.984645,
    "f1_fraud": 0.02195,
    "precision": 0.011098,
    "recall": 0.991802,
    "support_fraud": 8661,
    "support_total": 4784736
  }
}