{
  "train": {
    "split": "train",
    "threshold": 0.3,
    "pr_auc": 0.037457,
    "roc_auc": 0.932898,
    "f1_fraud": 0.017837,
    "precision": 0.009012,
    "recall": 0.859548,
    "support_fraud": 21082,
    "support_total": 22328766
  },
  "val": {
    "split": "val",
    "threshold": 0.3,
    "pr_auc": 0.038015,
    "roc_auc": 0.920003,
    "f1_fraud": 0.021735,
    "precision": 0.011005,
    "recall": 0.869328,
    "support_fraud": 5487,
    "support_total": 4784736
  },
  "test": {
    "split": "test",
    "threshold": 0.3,
    "pr_auc": 0.30309,
    "roc_auc": 0.944601,
    "f1_fraud": 0.033783,
    "precision": 0.01721,
    "recall": 0.914329,
    "support_fraud": 8661,
    "support_total": 4784736
  }
}