{
  "train": {
    "split": "train",
    "threshold": 0.3,
    "pr_auc": 0.197502,
    "roc_auc": 0.986638,
    "f1_fraud": 0.013393,
    "precision": 0.006741,
    "recall": 0.999004,
    "support_fraud": 21082,
    "support_total": 22328766
  },
  "val": {
    "split": "val",
    "threshold": 0.3,
    "pr_auc": 0.210584,
    "roc_auc": 0.978542,
    "f1_fraud": 0.015199,
    "precision": 0.007659,
    "recall": 0.97649,
    "support_fraud": 5487,
    "support_total": 4784736
  },
  "test": {
    "split": "test",
    "threshold": 0.3,
    "pr_auc": 0.347639,
    "roc_auc": 0.981765,
    "f1_fraud": 0.022732,
    "precision": 0.011499,
    "recall": 0.981642,
    "support_fraud": 8661,
    "support_total": 4784736
  }
}